ticker,security_name,source
DEMO001,DEMO001,synthetic
DEMO002,DEMO002,synthetic
DEMO003,DEMO003,synthetic
DEMO004,DEMO004,synthetic
DEMO005,DEMO005,synthetic
DEMO006,DEMO006,synthetic
DEMO007,DEMO007,synthetic
DEMO008,DEMO008,synthetic
DEMO009,DEMO009,synthetic
DEMO010,DEMO010,synthetic
DEMO011,DEMO011,synthetic
DEMO012,DEMO012,synthetic
DEMO013,DEMO013,synthetic
DEMO014,DEMO014,synthetic
DEMO015,DEMO015,synthetic
DEMO016,DEMO016,synthetic
DEMO017,DEMO017,synthetic
DEMO018,DEMO018,synthetic
DEMO019,DEMO019,synthetic
DEMO020,DEMO020,synthetic
DEMO021,DEMO021,synthetic
DEMO022,DEMO022,synthetic
DEMO023,DEMO023,synthetic
DEMO024,DEMO024,synthetic
DEMO025,DEMO025,synthetic
DEMO026,DEMO026,synthetic
DEMO027,DEMO027,synthetic
DEMO028,DEMO028,synthetic
DEMO029,DEMO029,synthetic
DEMO030,DEMO030,synthetic
DEMO031,DEMO031,synthetic
DEMO032,DEMO032,synthetic
DEMO033,DEMO033,synthetic
DEMO034,DEMO034,synthetic
DEMO035,DEMO035,synthetic
DEMO036,DEMO036,synthetic
DEMO037,DEMO037,synthetic
DEMO038,DEMO038,synthetic
DEMO039,DEMO039,synthetic
DEMO040,DEMO040,synthetic
DEMO041,DEMO041,synthetic
DEMO042,DEMO042,synthetic
DEMO043,DEMO043,synthetic
DEMO044,DEMO044,synthetic
DEMO045,DEMO045,synthetic
DEMO046,DEMO046,synthetic
DEMO047,DEMO047,synthetic
DEMO048,DEMO048,synthetic
DEMO049,DEMO049,synthetic
DEMO050,DEMO050,synthetic
DEMO051,DEMO051,synthetic
DEMO052,DEMO052,synthetic
DEMO053,DEMO053,synthetic
DEMO054,DEMO054,synthetic
DEMO055,DEMO055,synthetic
DEMO056,DEMO056,synthetic
DEMO057,DEMO057,synthetic
DEMO058,DEMO058,synthetic
DEMO059,DEMO059,synthetic
DEMO060,DEMO060,synthetic
DEMO061,DEMO061,synthetic
DEMO062,DEMO062,synthetic
DEMO063,DEMO063,synthetic
DEMO064,DEMO064,synthetic
DEMO065,DEMO065,synthetic
DEMO066,DEMO066,synthetic
DEMO067,DEMO067,synthetic
DEMO068,DEMO068,synthetic
DEMO069,DEMO069,synthetic
DEMO070,DEMO070,synthetic
DEMO071,DEMO071,synthetic
DEMO072,DEMO072,synthetic
DEMO073,DEMO073,synthetic
DEMO074,DEMO074,synthetic
DEMO075,DEMO075,synthetic
DEMO076,DEMO076,synthetic
DEMO077,DEMO077,synthetic
DEMO078,DEMO078,synthetic
DEMO079,DEMO079,synthetic
DEMO080,DEMO080,synthetic
DEMO081,DEMO081,synthetic
DEMO082,DEMO082,synthetic
DEMO083,DEMO083,synthetic
DEMO084,DEMO084,synthetic
DEMO085,DEMO085,synthetic
DEMO086,DEMO086,synthetic
DEMO087,DEMO087,synthetic
DEMO088,DEMO088,synthetic
DEMO089,DEMO089,synthetic
DEMO090,DEMO090,synthetic
DEMO091,DEMO091,synthetic
DEMO092,DEMO092,synthetic
DEMO093,DEMO093,synthetic
DEMO094,DEMO094,synthetic
DEMO095,DEMO095,synthetic
DEMO096,DEMO096,synthetic
DEMO097,DEMO097,synthetic
DEMO098,DEMO098,synthetic
DEMO099,DEMO099,synthetic
DEMO100,DEMO100,synthetic
DEMO101,DEMO101,synthetic
DEMO102,DEMO102,synthetic
DEMO103,DEMO103,synthetic
DEMO104,DEMO104,synthetic
DEMO105,DEMO105,synthetic
DEMO106,DEMO106,synthetic
DEMO107,DEMO107,synthetic
DEMO108,DEMO108,synthetic
DEMO109,DEMO109,synthetic
DEMO110,DEMO110,synthetic
DEMO111,DEMO111,synthetic
DEMO112,DEMO112,synthetic
DEMO113,DEMO113,synthetic
DEMO114,DEMO114,synthetic
DEMO115,DEMO115,synthetic
DEMO116,DEMO116,synthetic
DEMO117,DEMO117,synthetic
DEMO118,DEMO118,synthetic
DEMO119,DEMO119,synthetic
DEMO120,DEMO120,synthetic
DEMO121,DEMO121,synthetic
DEMO122,DEMO122,synthetic
DEMO123,DEMO123,synthetic
DEMO124,DEMO124,synthetic
DEMO125,DEMO125,synthetic
DEMO126,DEMO126,synthetic
DEMO127,DEMO127,synthetic
DEMO128,DEMO128,synthetic
DEMO129,DEMO129,synthetic
DEMO130,DEMO130,synthetic
DEMO131,DEMO131,synthetic
DEMO132,DEMO132,synthetic
DEMO133,DEMO133,synthetic
DEMO134,DEMO134,synthetic
DEMO135,DEMO135,synthetic
DEMO136,DEMO136,synthetic
DEMO137,DEMO137,synthetic
DEMO138,DEMO138,synthetic
DEMO139,DEMO139,synthetic
DEMO140,DEMO140,synthetic
DEMO141,DEMO141,synthetic
DEMO142,DEMO142,synthetic
DEMO143,DEMO143,synthetic
DEMO144,DEMO144,synthetic
DEMO145,DEMO145,synthetic
DEMO146,DEMO146,synthetic
DEMO147,DEMO147,synthetic
DEMO148,DEMO148,synthetic
DEMO149,DEMO149,synthetic
DEMO150,DEMO150,synthetic
